{"mean": [0.0, 0.0, 0.0, -0.0003407083104766858, -0.029580749190862864, -0.06619931660977132, -0.006293258829183551, -0.04940614102157679, -0.12399350153676489, -0.01137236349739847, -0.04152257973544453, -0.17768953616466276, -0.01570108416653318, -0.03351840971780426, -0.22841874618720043, -0.021428964508615214, -0.15008533991915174, -0.13927834622293234, -0.02980601803295891, -0.18097567358832437, -0.23512840760043033, -0.03198041015868262, -0.19588483083655825, -0.2906919913093942, -0.03320241737515838, -0.2097646266286132, -0.32320944596677476, -0.02333331641595446, -0.1267662992649609, -0.15060815420845736, -0.031618550485471714, -0.06052071763467175, -0.2518301812598857, -0.034682083764815935, -0.0064785466326797055, -0.2734273134102795, -0.03522134533170728, 0.0037052726487401674, -0.27320946260271656, -0.024031926560541053, -0.08233416857297784, -0.16582910504799672, -0.03178864571513936, -0.0010738073062051667, -0.2598308259834833, -0.034226901954657024, 0.03489924822394609, -0.24142537016984958, -0.03511952957607091, 0.02823769034523587, -0.21003234414037864, -0.023506090164003856, -0.02861973990658733, -0.18618160012699506, -0.03059391077778992, 0.03931093999980928, -0.24933760114627257, -0.032684161200378405, 0.06540423368006086, -0.2283031290217199, -0.03500493922488724, 0.05977959432110697, -0.1975905894974744], "scale": [1.0, 1.0, 1.0, 0.19299435550648197, 0.14257759062178546, 0.09948109462051413, 0.35797401266711326, 0.2816006698391017, 0.13671803664182253, 0.47802529178457104, 0.39333142336602833, 0.16147294751261126, 0.5673301906657986, 0.4742950142207675, 0.19048497425272426, 0.40192297135538135, 0.4034440683600019, 0.13764014155091342, 0.569985209674085, 0.5807394464126178, 0.1767367394339452, 0.6604466529515103, 0.6748096765088021, 0.20037137367302327, 0.7259331216317176, 0.7474900384386489, 0.21666800166809794, 0.3668466072735367, 0.4120690614979287, 0.12017896272121327, 0.523323979601635, 0.5344602900739625, 0.1700446980947477, 0.5266090321021283, 0.5545373759496406, 0.1790948748047022, 0.5221928364252573, 0.5806351242885487, 0.18413419741515563, 0.3349348027141448, 0.39192716730468435, 0.12857269096223706, 0.45396336729455755, 0.46603857469978993, 0.17495521700909902, 0.42988844060200065, 0.4238699565230604, 0.1658263100278383, 0.40449898570782933, 0.39582125504326565, 0.1579043077672572, 0.3169843294865488, 0.3607409114554057, 0.1585532342674644, 0.3980811858662951, 0.41044517077979, 0.18765564574196622, 0.38900206495164974, 0.3850666441198649, 0.18077335103758563, 0.37422539350585105, 0.3656738689043876, 0.17540421054127808]}